cluster,keyword,intent,location,estimated_search_volume,competition,seo_difficulty,priority,recommended_page,notes
Brand,gde sa psom,Navigational,Srbija,data unavailable,Low,Low,P1,/,"Brand query and the natural Serbian question. kudasapsom.com (a hiking blog) appears next to the site - brand-confusion risk; homepage title must carry the phrase."
Brand,gdesapsom,Navigational,Srbija,data unavailable,Low,Low,P1,/,"Brand misspelling / domain typed as a word."
Brand,gde sa psom aplikacija,Navigational,Srbija,data unavailable,Low,Low,P2,/aplikacija,"Android app + PWA page; link to Google Play."
Brand,gde sa psom beograd,Navigational,Beograd,data unavailable,Low,Low,P1,/beograd,"Brand + city; the city hub answers it."
Brand,gde sa psom blog,Navigational,Srbija,data unavailable,Low,Low,P3,/blog,""
Brand,dodaj pet friendly lokaciju,Navigational,Srbija,data unavailable,Low,Low,P3,/dodaj-lokaciju,"Contribution intent; keep crawlable but noindex is acceptable."
Pet friendly Srbija,pet friendly srbija,Local,Srbija,data unavailable,Medium,Medium,P1,/,"Core generic term; homepage + category hubs. Competition from booking platforms and media."
Pet friendly Srbija,pet friendly mesta srbija,Local,Srbija,data unavailable,Medium,Medium,P1,/mesta,"All-places page needs an editorial intro and city links."
Pet friendly Srbija,pet friendly mesta u blizini,Transactional,Srbija,data unavailable,Low,Low,P2,/u-blizini,"GPS near-me page; index only with real explanatory content."
Pet friendly Srbija,pet friendly lokacije,Local,Srbija,data unavailable,Low,Low,P2,/mesta,"Synonym of 'mesta'; same page."
Pet friendly Srbija,pet friendly objekti,Local,Srbija,data unavailable,Low,Low,P3,/mesta,"Formal wording used by venues and media."
Pet friendly Srbija,pet friendly mapa srbija,Local,Srbija,data unavailable,Low,Low,P2,/mapa,"Map page with all places; strong link magnet."
Pet friendly Srbija,psi dozvoljeni,Informational,Srbija,data unavailable,Low,Low,P2,/blog/gde-su-psi-dozvoljeni-u-srbiji-pravila,"Native phrasing ('psi dozvoljeni'); guide on rules + links to categories."
Pet friendly Srbija,ljubimci dobrodosli,Informational,Beograd,data unavailable,Low,Low,P2,/blog/ljubimci-dobrodosli-nalepnica-beograd,"Name of the Belgrade sticker campaign (verified in media). Guide + directory CTA."
Pet friendly Srbija,pet friendly beograd,Local,Beograd,data unavailable,Medium,Medium,P1,/beograd,"City hub. Media listicles compete; a maintained directory can win."
Pet friendly Srbija,pet friendly novi sad,Local,Novi Sad,data unavailable,Medium,Medium,P1,/novi-sad,"pet-friendly.rs (community map, ~138 venues reported) and media lists (mojnovisad, eventuj, nsuzivo) exist; none has crawlable structured venue pages."
Pet friendly Srbija,pet friendly nis,Local,Niš,data unavailable,Low,Low,P2,/nis,""
Pet friendly Srbija,pet friendly kragujevac,Local,Kragujevac,data unavailable,Low,Low,P3,/kragujevac,"Create only when the city has enough listings."
Pet friendly Srbija,pet friendly subotica,Local,Subotica,data unavailable,Low,Low,P3,/subotica,""
Pet friendly Srbija,pet friendly zemun,Local,Beograd,data unavailable,Low,Low,P3,/beograd/zemun,"Township hub, threshold-based."
Pet friendly Srbija,pet friendly pancevo,Local,Pančevo,data unavailable,Low,Low,P3,/pancevo,""
Pet friendly Srbija,pet friendly cacak,Local,Čačak,data unavailable,Low,Low,P3,/cacak,""
Dog friendly (EN),dog friendly belgrade,Local,Beograd (EN),data unavailable,Medium,Medium,P2,/en/belgrade,"Foreign visitors; BringFido/Expedia compete. Needs the /en mirror with hreflang."
Dog friendly (EN),dog friendly restaurants belgrade,Local,Beograd (EN),data unavailable,Medium,Medium,P2,/en/belgrade/restaurants,""
Dog friendly (EN),dog friendly cafes belgrade,Local,Beograd (EN),data unavailable,Low,Medium,P3,/en/belgrade/cafes,""
Dog friendly (EN),pet friendly hotels belgrade,Commercial investigation,Beograd (EN),data unavailable,High,High,P3,/en/belgrade/hotels,"Booking/Expedia/Hotels.com own this SERP."
Dog friendly (EN),dog friendly serbia,Informational,Srbija (EN),data unavailable,Medium,Medium,P3,/en,""
Dog friendly (EN),dog parks belgrade,Local,Beograd (EN),data unavailable,Low,Low,P3,/en/belgrade/dog-parks,""
Restorani,pet friendly restorani beograd,Local,Beograd,data unavailable,Medium,Medium,P1,/beograd/restorani,"Primary money page for Belgrade dining."
Restorani,restorani u koje mozete sa psom beograd,Local,Beograd,data unavailable,Low,Low,P1,/beograd/restorani,"Natural long phrasing; use in H2/intro, not a separate page."
Restorani,restoran sa psom beograd,Local,Beograd,data unavailable,Low,Low,P1,/beograd/restorani,""
Restorani,restorani gde su psi dozvoljeni beograd,Local,Beograd,data unavailable,Low,Low,P2,/beograd/restorani,""
Restorani,restorani sa bastom za pse beograd,Local,Beograd,data unavailable,Low,Low,P2,/beograd/restorani,"Garden attribute: a filter and an H2 section, not a separate URL (until data shows demand)."
Restorani,restoran pas dozvoljen unutra beograd,Local,Beograd,data unavailable,Low,Low,P3,/beograd/restorani,"Requires the new 'dogs allowed indoors' attribute."
Restorani,pet friendly restorani novi sad,Local,Novi Sad,data unavailable,Low,Low,P1,/novi-sad/restorani,""
Restorani,restoran sa psom novi sad,Local,Novi Sad,data unavailable,Low,Low,P2,/novi-sad/restorani,""
Restorani,pet friendly restorani nis,Local,Niš,data unavailable,Low,Low,P2,/nis/restorani,"Only generic directory tag pages (381info.com) and one restaurant surfaced - open field."
Restorani,pet friendly restorani zlatibor,Local,Zlatibor,data unavailable,Low,Low,P2,/zlatibor/restorani,""
Restorani,pet friendly restorani srbija,Local,Srbija,data unavailable,Low,Medium,P2,/restorani,"National category hub linking to each city page."
Restorani,pet friendly restorani vracar,Local,Beograd,data unavailable,Low,Low,P3,/beograd/vracar/restorani,"Township x category, create only above the listing threshold."
Restorani,pet friendly restorani novi beograd,Local,Beograd,data unavailable,Low,Low,P3,/beograd/novi-beograd/restorani,""
Restorani,pet friendly restorani zemun,Local,Beograd,data unavailable,Low,Low,P3,/beograd/zemun/restorani,""
Restorani,pet friendly splavovi beograd,Local,Beograd,data unavailable,Low,Low,P2,/beograd/splavovi,"'Splav' is an existing place type unique to Belgrade; nobody targets it."
Restorani,splav sa psom beograd,Local,Beograd,data unavailable,Low,Low,P2,/beograd/splavovi,""
Restorani,pet friendly restorani kragujevac,Local,Kragujevac,data unavailable,Low,Low,P3,/kragujevac/restorani,""
Kafici,pet friendly kafici beograd,Local,Beograd,data unavailable,Medium,Medium,P1,/beograd/kafici,"Highest-intent city dining query; media listicles are the main competition."
Kafici,kafici sa psom beograd,Local,Beograd,data unavailable,Low,Low,P1,/beograd/kafici,"Native phrasing; same page."
Kafici,kafici u koje mozete sa psom beograd,Local,Beograd,data unavailable,Low,Low,P1,/beograd/kafici,"Verified natural phrasing in search results."
Kafici,kafic pet friendly beograd,Local,Beograd,data unavailable,Low,Low,P2,/beograd/kafici,""
Kafici,kafici gde su psi dozvoljeni beograd,Local,Beograd,data unavailable,Low,Low,P2,/beograd/kafici,""
Kafici,pet friendly kafici novi sad,Local,Novi Sad,data unavailable,Low,Low,P1,/novi-sad/kafici,""
Kafici,kafici sa psom novi sad,Local,Novi Sad,data unavailable,Low,Low,P2,/novi-sad/kafici,""
Kafici,pet friendly kafici nis,Local,Niš,data unavailable,Low,Low,P2,/nis/kafici,""
Kafici,pet friendly kafici vracar,Local,Beograd,data unavailable,Low,Low,P3,/beograd/vracar/kafici,"Township page; threshold-based."
Kafici,pet friendly kafici dorcol,Local,Beograd,data unavailable,Low,Low,P3,/beograd/stari-grad/kafici,"Dorćol is a neighbourhood inside Stari grad; mention neighbourhoods in the township page copy."
Kafici,pet friendly kafici zemun,Local,Beograd,data unavailable,Low,Low,P3,/beograd/zemun/kafici,""
Kafici,pet friendly kafici novi beograd,Local,Beograd,data unavailable,Low,Low,P3,/beograd/novi-beograd/kafici,""
Kafici,pet friendly barovi beograd,Local,Beograd,data unavailable,Low,Low,P2,/beograd/barovi,"Bar + Pab types merged into one page."
Kafici,pab sa psom beograd,Local,Beograd,data unavailable,Low,Low,P3,/beograd/barovi,""
Kafici,kafici sa psom zlatibor,Local,Zlatibor,data unavailable,Low,Low,P2,/zlatibor/kafici,""
Kafici,kafic sa psom u blizini,Transactional,Srbija,data unavailable,Low,Low,P2,/u-blizini,"Near-me feature; also surfaced by city pages."
Kafici,dog friendly cafe beograd,Local,Beograd,data unavailable,Low,Low,P3,/beograd/kafici,"Mixed-language query from locals; covered by the Serbian page."
Hoteli,pet friendly hoteli srbija,Commercial investigation,Srbija,data unavailable,High,High,P1,/hoteli,"Booking.com and OTA pages dominate; win with completeness and dog-specific facts (fee, size, indoor)."
Hoteli,pet friendly hotel beograd,Commercial investigation,Beograd,data unavailable,High,High,P1,/beograd/hoteli,""
Hoteli,hoteli koji primaju pse beograd,Commercial investigation,Beograd,data unavailable,Medium,Medium,P1,/beograd/hoteli,"Native phrasing with less OTA competition."
Hoteli,hotel sa psom beograd,Commercial investigation,Beograd,data unavailable,Medium,Medium,P2,/beograd/hoteli,""
Hoteli,pet friendly hoteli zlatibor,Commercial investigation,Zlatibor,data unavailable,High,High,P1,/zlatibor/hoteli,"Verified SERP: Booking, Airbnb, Skyscanner, Hotels.com."
Hoteli,hoteli koji primaju pse zlatibor,Commercial investigation,Zlatibor,data unavailable,Medium,Medium,P1,/zlatibor/hoteli,""
Hoteli,pet friendly hoteli kopaonik,Commercial investigation,Kopaonik,data unavailable,High,High,P1,/kopaonik/hoteli,"Viceroy and Grey publish pet policies; aggregate them with fees."
Hoteli,pet friendly hotel novi sad,Commercial investigation,Novi Sad,data unavailable,High,High,P2,/novi-sad/hoteli,""
Hoteli,pet friendly hoteli vrnjacka banja,Commercial investigation,Vrnjačka Banja,data unavailable,Medium,Medium,P2,/vrnjacka-banja/hoteli,""
Hoteli,pet friendly hoteli nis,Commercial investigation,Niš,data unavailable,Medium,Medium,P3,/nis/hoteli,""
Hoteli,pet friendly hoteli tara,Commercial investigation,Tara,data unavailable,Medium,Medium,P2,/tara/hoteli,""
Hoteli,pet friendly hotel divcibare,Commercial investigation,Divčibare,data unavailable,Medium,Medium,P2,/divcibare/hoteli,""
Hoteli,pet friendly hotel sa spa srbija,Commercial investigation,Srbija,data unavailable,Medium,Medium,P3,/blog/pet-friendly-spa-hoteli-srbija,"Article listing wellness hotels that accept dogs; links to hotel pages."
Hoteli,hotel dozvoljeni psi srbija,Commercial investigation,Srbija,data unavailable,Medium,Medium,P3,/hoteli,""
Apartmani,pet friendly apartmani zlatibor,Commercial investigation,Zlatibor,data unavailable,High,Medium,P1,/zlatibor/apartmani,"High demand destination; apartment portals + Airbnb compete, but none is dog-specific."
Apartmani,apartmani zlatibor psi dozvoljeni,Commercial investigation,Zlatibor,data unavailable,Medium,Medium,P1,/zlatibor/apartmani,""
Apartmani,apartmani sa psom zlatibor,Commercial investigation,Zlatibor,data unavailable,Medium,Medium,P2,/zlatibor/apartmani,""
Apartmani,pet friendly apartmani kopaonik,Commercial investigation,Kopaonik,data unavailable,High,Medium,P1,/kopaonik/apartmani,""
Apartmani,apartmani kopaonik psi dozvoljeni,Commercial investigation,Kopaonik,data unavailable,Medium,Medium,P2,/kopaonik/apartmani,""
Apartmani,pet friendly apartmani beograd,Commercial investigation,Beograd,data unavailable,High,High,P2,/beograd/apartmani,"Airbnb/Booking own it; keep as a supporting page."
Apartmani,pet friendly apartmani novi sad,Commercial investigation,Novi Sad,data unavailable,Medium,Medium,P2,/novi-sad/apartmani,""
Apartmani,pet friendly apartmani vrnjacka banja,Commercial investigation,Vrnjačka Banja,data unavailable,Medium,Medium,P1,/vrnjacka-banja/apartmani,"Apartment-heavy destination; verified listings exist but no dedicated dog page."
Apartmani,apartmani divcibare pet friendly,Commercial investigation,Divčibare,data unavailable,Medium,Medium,P2,/divcibare/apartmani,""
Apartmani,apartmani tara psi dozvoljeni,Commercial investigation,Tara,data unavailable,Medium,Medium,P2,/tara/apartmani,""
Apartmani,apartmani sokobanja pet friendly,Commercial investigation,Sokobanja,data unavailable,Medium,Medium,P3,/sokobanja/apartmani,""
Apartmani,pet friendly apartmani srbija,Commercial investigation,Srbija,data unavailable,Medium,Medium,P2,/apartmani,""
Vikendice,vikendice pet friendly srbija,Commercial investigation,Srbija,data unavailable,Medium,Medium,P1,/vikendice,"New category; facet pages exist on selo.rs, topsmestaj.com, weekendica.com and a journal.rs article, but none is dog-specific (fee, fenced yard, size)."
Vikendice,vikendica sa psom,Commercial investigation,Srbija,data unavailable,Medium,Medium,P1,/vikendice,""
Vikendice,vikendice za izdavanje psi dozvoljeni,Commercial investigation,Srbija,data unavailable,Medium,Medium,P2,/vikendice,""
Vikendice,vikendica tara pet friendly,Commercial investigation,Tara,data unavailable,Medium,Medium,P1,/tara/vikendice,"Verified: several pet-friendly vikendice on OTAs (Mila house, Thalia)."
Vikendice,vikendica divcibare pet friendly,Commercial investigation,Divčibare,data unavailable,Medium,Medium,P1,/divcibare/vikendice,"Verified: Nadja, Nensy, Marković, Brvnara Gaj on OTAs."
Vikendice,vikendica zlatibor pet friendly,Commercial investigation,Zlatibor,data unavailable,Medium,Medium,P2,/zlatibor/vikendice,""
Vikendice,vikendica fruska gora sa psom,Commercial investigation,Fruška gora,data unavailable,Low,Low,P2,/fruska-gora/vikendice,""
Vikendice,vikendica sa ogradjenim dvoristem za psa,Commercial investigation,Srbija,data unavailable,Low,Low,P2,/vikendice,"Attribute 'fenced yard' - add it to the data model and the filter."
Vikendice,seosko domacinstvo pet friendly,Commercial investigation,Srbija,data unavailable,Low,Low,P2,/seoska-domacinstva,"Future category: rural households (seoski turizam) are very dog-tolerant."
Vikendice,brvnara pet friendly srbija,Commercial investigation,Srbija,data unavailable,Low,Low,P3,/vikendice,""
Vikendice,kuca za odmor sa psom srbija,Commercial investigation,Srbija,data unavailable,Low,Low,P2,/vikendice,""
Vikendice,etno selo pet friendly,Commercial investigation,Srbija,data unavailable,Low,Low,P3,/blog/etno-sela-pet-friendly-srbija,"Article; links to place pages."
Smestaj,pet friendly smestaj zlatibor,Commercial investigation,Zlatibor,data unavailable,High,Medium,P1,/zlatibor/smestaj,"The single most valuable destination page: hotels + apartments + holiday homes together."
Smestaj,smestaj zlatibor sa psom,Commercial investigation,Zlatibor,data unavailable,Medium,Medium,P1,/zlatibor/smestaj,""
Smestaj,smestaj sa psom zlatibor cene,Commercial investigation,Zlatibor,data unavailable,Medium,Medium,P2,/zlatibor/smestaj,"Show dog fee and price range on cards."
Smestaj,pet friendly smestaj kopaonik,Commercial investigation,Kopaonik,data unavailable,High,Medium,P1,/kopaonik/smestaj,"Winter peak (Dec-Mar)."
Smestaj,pet friendly smestaj tara,Commercial investigation,Tara,data unavailable,High,Medium,P1,/tara/smestaj,"tara.rs reports 100+ pet-friendly objects and Booking has a Tara region page; differentiate with dog rules and venues around the stay."
Smestaj,pet friendly smestaj divcibare,Commercial investigation,Divčibare,data unavailable,Medium,Medium,P1,/divcibare/smestaj,""
Smestaj,pet friendly smestaj vrnjacka banja,Commercial investigation,Vrnjačka Banja,data unavailable,Medium,Medium,P1,/vrnjacka-banja/smestaj,""
Smestaj,pet friendly smestaj srbija,Commercial investigation,Srbija,data unavailable,High,Medium,P1,/smestaj,"National accommodation hub."
Smestaj,smestaj koji prima pse,Commercial investigation,Srbija,data unavailable,Medium,Medium,P1,/smestaj,"Native phrasing; same page."
Smestaj,pet friendly smestaj sokobanja,Commercial investigation,Sokobanja,data unavailable,Medium,Medium,P2,/sokobanja/smestaj,""
Smestaj,pet friendly smestaj palic,Commercial investigation,Palić,data unavailable,Low,Low,P2,/palic/smestaj,""
Smestaj,pet friendly smestaj zlatar,Commercial investigation,Zlatar,data unavailable,Low,Low,P3,/zlatar/smestaj,""
Smestaj,pet friendly smestaj stara planina,Commercial investigation,Stara planina,data unavailable,Low,Low,P3,/stara-planina/smestaj,""
Smestaj,pet friendly smestaj rtanj,Commercial investigation,Rtanj,data unavailable,Low,Low,P3,/rtanj/smestaj,""
Smestaj,pet friendly smestaj golija,Commercial investigation,Golija,data unavailable,Low,Low,P3,/golija/smestaj,""
Smestaj,vikend sa psom blizu beograda smestaj,Commercial investigation,Beograd okolina,data unavailable,Low,Low,P1,/blog/vikend-sa-psom-blizu-beograda,"Article + links to Fruška gora / Divčibare / Tara pages."
Parkovi,parkovi za pse beograd,Local,Beograd,data unavailable,Medium,Medium,P1,/beograd/parkovi-za-pse,"Partial lists exist (tob.rs pet-parkovi page, planplus.rs dog-parks category, petfriendlysrbija.rs, news); none is complete, geolocated and maintained with attributes."
Parkovi,park za pse u blizini,Transactional,Srbija,data unavailable,Low,Low,P2,/u-blizini,""
Parkovi,ogradjeni parkovi za pse beograd,Local,Beograd,data unavailable,Low,Low,P1,/beograd/parkovi-za-pse,"Verified phrasing in media ('ograđen prostor za pse')."
Parkovi,park za pse novi beograd,Local,Beograd,data unavailable,Low,Low,P2,/beograd/parkovi-za-pse,"Township sections on the city parks page (H2 per opština)."
Parkovi,park za pse vracar,Local,Beograd,data unavailable,Low,Low,P2,/beograd/parkovi-za-pse,""
Parkovi,park za pse zvezdara,Local,Beograd,data unavailable,Low,Low,P3,/beograd/parkovi-za-pse,""
Parkovi,park za pse zemun,Local,Beograd,data unavailable,Low,Low,P3,/beograd/parkovi-za-pse,""
Parkovi,parkovi za pse novi sad,Local,Novi Sad,data unavailable,Low,Low,P1,/novi-sad/parkovi-za-pse,""
Parkovi,park za pse nis,Local,Niš,data unavailable,Low,Low,P2,/nis/parkovi-za-pse,""
Parkovi,park za pse kragujevac,Local,Kragujevac,data unavailable,Low,Low,P3,/kragujevac/parkovi-za-pse,""
Parkovi,park za pse tasmajdan,Local,Beograd,data unavailable,Low,Low,P2,/park/tasmajdan-beograd,"Named park page; Tašmajdan is the best-known fenced park (verified in media)."
Parkovi,ada ciganlija psi,Informational,Beograd,data unavailable,Medium,Medium,P2,/blog/ada-ciganlija-sa-psom-pravila,"Rules for dogs on Ada; links to the nearest parks and cafes."
Parkovi,pravila u parku za pse,Informational,Srbija,data unavailable,Low,Low,P3,/blog/pravila-ponasanja-park-za-pse,"Existing 13 rules can become an article with schema."
Parkovi,gde pustiti psa sa povoca beograd,Informational,Beograd,data unavailable,Low,Low,P2,/blog/gde-pustiti-psa-sa-povoca-beograd,"Leash-free areas; strong link to the parks page."
Parkovi,povrsina za pse beograd,Local,Beograd,data unavailable,Low,Low,P3,/beograd/parkovi-za-pse,"Official municipal wording; include as synonym."
Aktivnosti,gde setati psa u beogradu,Informational,Beograd,data unavailable,Medium,Medium,P1,/blog/gde-setati-psa-u-beogradu,"Top-of-funnel for Belgrade; links to parks, Ada, Košutnjak, cafes."
Aktivnosti,najlepsa mesta za setnju sa psom beograd,Informational,Beograd,data unavailable,Low,Low,P1,/blog/gde-setati-psa-u-beogradu,"Same article."
Aktivnosti,setnja sa psom novi sad,Informational,Novi Sad,data unavailable,Low,Low,P2,/blog/setnja-sa-psom-novi-sad,""
Aktivnosti,planinarenje sa psom srbija,Informational,Srbija,data unavailable,Low,Low,P2,/blog/planinarenje-sa-psom-srbija,"Links to Tara, Fruška gora, Stara planina destination pages."
Aktivnosti,izlet sa psom beograd okolina,Informational,Beograd okolina,data unavailable,Medium,Medium,P1,/blog/izleti-sa-psom-iz-beograda,"Day trips: Avala, Kosmaj, Fruška gora, Oplenac. kudasapsom.com and journal.rs already rank; add verified cafés and parks per trip."
Aktivnosti,plaza za pse srbija,Informational,Srbija,data unavailable,Medium,Medium,P2,/blog/plaze-i-jezera-za-pse-srbija,"turizamarriva.rs has a top-10 article; the opportunity is a maintained, mapped version with rules per lake."
Aktivnosti,kupanje psa jezero srbija,Informational,Srbija,data unavailable,Low,Low,P2,/blog/plaze-i-jezera-za-pse-srbija,""
Aktivnosti,kosutnjak sa psom,Informational,Beograd,data unavailable,Low,Low,P3,/blog/gde-setati-psa-u-beogradu,""
Aktivnosti,fruska gora sa psom,Informational,Fruška gora,data unavailable,Low,Low,P2,/fruska-gora,"Destination hub + guide."
Aktivnosti,avala sa psom,Informational,Beograd okolina,data unavailable,Low,Low,P3,/blog/izleti-sa-psom-iz-beograda,""
Aktivnosti,tara planinarenje sa psom,Informational,Tara,data unavailable,Low,Low,P3,/tara,""
Aktivnosti,pet friendly plaza srbija,Informational,Srbija,data unavailable,Low,Low,P2,/blog/plaze-i-jezera-za-pse-srbija,""
Putovanja,putovanje sa psom,Informational,Srbija,data unavailable,High,Medium,P1,/blog/putovanje-sa-psom-vodic,"Pillar guide; Croatian travel sites and petfriendlyhoteli.com dominate the plain query - target the Serbian-specific angles (documents, borders, domestic transport)."
Putovanja,putovanje sa psom automobilom,Informational,Srbija,data unavailable,Medium,Medium,P2,/blog/putovanje-sa-psom-automobilom,""
Putovanja,putovanje sa psom autobusom srbija,Informational,Srbija,data unavailable,Low,Low,P2,/blog/pas-u-autobusu-srbija-pravila,"Carrier rules (Lasta, FlixBus, local lines)."
Putovanja,pas u vozu srbija,Informational,Srbija,data unavailable,Low,Low,P2,/blog/pas-u-vozu-srbija-pravila,"Srbijavoz rules."
Putovanja,pas u gradskom prevozu beograd,Informational,Beograd,data unavailable,Medium,Low,P1,/blog/pas-u-gradskom-prevozu-beograd,"Verified real topic (GSP rules: carrier, 40 cm, time windows)."
Putovanja,pasos za psa cena,Informational,Srbija,data unavailable,Medium,Medium,P2,/blog/pasos-za-psa-srbija,"Vet-blog competition; our angle is 'before the trip' + destination links."
Putovanja,putovanje sa psom u grcku iz srbije,Informational,Srbija,data unavailable,Medium,Medium,P1,/blog/putovanje-sa-psom-u-grcku,"Summer peak; EU entry rules; existing EU-rules post should link here."
Putovanja,sa psom na more iz srbije,Informational,Srbija,data unavailable,Medium,Medium,P1,/blog/sa-psom-na-more,"Hub article for Greece / Montenegro / Croatia."
Putovanja,putovanje sa psom u crnu goru,Informational,Srbija,data unavailable,Medium,Medium,P1,/blog/putovanje-sa-psom-u-crnu-goru,""
Putovanja,putovanje sa psom u hrvatsku,Informational,Srbija,data unavailable,Medium,Medium,P2,/blog/putovanje-sa-psom-u-hrvatsku,""
Putovanja,pas u avionu air serbia,Informational,Srbija,data unavailable,Medium,Medium,P2,/blog/pas-u-avionu-air-serbia,""
Putovanja,pet friendly plaze crna gora,Informational,Crna Gora,data unavailable,Medium,Medium,P2,/blog/pet-friendly-plaze-crna-gora,"021.rs has a similar article (verified); differentiate with yearly updates."
Putovanja,gde sa psom za vikend,Informational,Srbija,data unavailable,Medium,Medium,P1,/blog/gde-sa-psom-za-vikend,"Evergreen; journal.rs and kudasapsom.com cover nearby trips from Belgrade - differentiate with verified venues per destination."
Putovanja,gde sa psom za prvi maj,Informational,Srbija,data unavailable,Low,Low,P2,/blog/gde-sa-psom-za-prvi-maj-srbija,"Existing post - refresh yearly."
Putovanja,gde sa psom za novu godinu,Informational,Srbija,data unavailable,Low,Low,P2,/blog/nova-godina-sa-psom-srbija,"Seasonal (Nov-Dec)."
Putovanja,zimovanje sa psom srbija,Informational,Srbija,data unavailable,Low,Low,P2,/blog/zimovanje-sa-psom-srbija,"Kopaonik, Zlatibor, Stara planina."
Putovanja,letovanje sa psom,Informational,Srbija,data unavailable,Medium,Medium,P1,/blog/sa-psom-na-more,""
Destinacije,zlatibor sa psom,Informational,Zlatibor,data unavailable,Low,Low,P1,/zlatibor,"Destination hub 'Gde sa psom na Zlatiboru' + guide."
Destinacije,gde sa psom na zlatibor,Informational,Zlatibor,data unavailable,Low,Low,P1,/zlatibor,""
Destinacije,kopaonik sa psom,Informational,Kopaonik,data unavailable,Low,Low,P1,/kopaonik,""
Destinacije,tara sa psom,Informational,Tara,data unavailable,Low,Low,P1,/tara,""
Destinacije,divcibare sa psom,Informational,Divčibare,data unavailable,Low,Low,P1,/divcibare,""
Destinacije,vrnjacka banja sa psom,Informational,Vrnjačka Banja,data unavailable,Low,Low,P1,/vrnjacka-banja,""
Destinacije,sokobanja sa psom,Informational,Sokobanja,data unavailable,Low,Low,P2,/sokobanja,""
Destinacije,palic sa psom,Informational,Palić,data unavailable,Low,Low,P2,/palic,""
Destinacije,zlatar sa psom,Informational,Zlatar,data unavailable,Low,Low,P3,/zlatar,""
Destinacije,stara planina sa psom,Informational,Stara planina,data unavailable,Low,Low,P3,/stara-planina,""
Destinacije,uvac sa psom,Informational,Uvac,data unavailable,Low,Low,P3,/blog/uvac-sa-psom,""
Destinacije,djerdap sa psom,Informational,Đerdap,data unavailable,Low,Low,P3,/blog/djerdap-sa-psom,""
Destinacije,rtanj sa psom,Informational,Rtanj,data unavailable,Low,Low,P3,/rtanj,""
Destinacije,sremski karlovci sa psom,Informational,Sremski Karlovci,data unavailable,Low,Low,P3,/blog/sremski-karlovci-sa-psom,""
Gradovi,gde sa psom u beogradu,Informational,Beograd,data unavailable,Low,Low,P1,/beograd,"The exact question the brand answers; city hub H1."
Gradovi,gde sa psom u novom sadu,Informational,Novi Sad,data unavailable,Low,Low,P1,/novi-sad,""
Gradovi,gde sa psom u nisu,Informational,Niš,data unavailable,Low,Low,P2,/nis,""
Gradovi,gde sa psom u kragujevcu,Informational,Kragujevac,data unavailable,Low,Low,P3,/kragujevac,""
Gradovi,gde sa psom u subotici,Informational,Subotica,data unavailable,Low,Low,P3,/subotica,""
Gradovi,gde sa psom u zemunu,Informational,Beograd,data unavailable,Low,Low,P3,/beograd/zemun,""
Gradovi,sta raditi sa psom u beogradu,Informational,Beograd,data unavailable,Low,Low,P2,/blog/sta-raditi-sa-psom-u-beogradu,"Activity angle; links to all Belgrade category pages."
Veterinari i usluge,veterinar beograd,Local,Beograd,data unavailable,High,High,P2,/beograd/veterinari,"Vet directories and Google Maps dominate; supporting page, not a growth driver."
Veterinari i usluge,veterinarska ambulanta u blizini,Transactional,Srbija,data unavailable,High,High,P3,/u-blizini,""
Veterinari i usluge,dezurni veterinar beograd 24h,Local,Beograd,data unavailable,Medium,Medium,P2,/beograd/veterinari,"Add an 'emergency / non-stop' attribute and section."
Veterinari i usluge,veterinar novi sad,Local,Novi Sad,data unavailable,High,High,P3,/novi-sad/veterinari,""
Veterinari i usluge,veterinar nis,Local,Niš,data unavailable,Medium,Medium,P3,/nis/veterinari,""
Veterinari i usluge,pet shop beograd,Local,Beograd,data unavailable,High,High,P2,/beograd/pet-shopovi,""
Veterinari i usluge,pet shop u blizini,Transactional,Srbija,data unavailable,High,High,P3,/u-blizini,""
Veterinari i usluge,pet shop novi sad,Local,Novi Sad,data unavailable,Medium,Medium,P3,/novi-sad/pet-shopovi,""
Veterinari i usluge,hrana za pse cene,Commercial investigation,Srbija,data unavailable,High,High,P2,/hrana-za-pse,"Existing catalogue; compare prices across shops."
Veterinari i usluge,hrana za pse akcija,Commercial investigation,Srbija,data unavailable,High,High,P3,/hrana-za-pse,""
Veterinari i usluge,pansion za pse beograd,Local,Beograd,data unavailable,Medium,Medium,P2,/beograd/pansioni-za-pse,"Future category; travellers who cannot take the dog need it - natural fit."
Veterinari i usluge,cuvanje pasa beograd,Local,Beograd,data unavailable,Medium,Medium,P2,/beograd/pansioni-za-pse,""
Veterinari i usluge,frizer za pse beograd,Local,Beograd,data unavailable,Medium,Medium,P3,/beograd/frizeri-za-pse,"Future category."
Veterinari i usluge,skola za pse beograd,Local,Beograd,data unavailable,Medium,Medium,P3,/beograd/skole-za-pse,"Future category."
Za biznise,kako postati pet friendly kafic,Informational,Srbija,data unavailable,Low,Low,P3,/za-biznise,"B2B guide; converts venues into listings."
Za biznise,pet friendly nalepnica,Informational,Srbija,data unavailable,Low,Low,P3,/za-biznise,"Offer a downloadable 'Psi dobrodošli' badge."
Za biznise,pet friendly sertifikat srbija,Informational,Srbija,data unavailable,Low,Low,P3,/za-biznise,""
Za biznise,oglasavanje pet friendly objekta,Commercial investigation,Srbija,data unavailable,Low,Low,P3,/za-biznise,""
